id,nome,descricao,valor
71, structure, Low cell beautiful seem drop evening. Term choice in.\nHistory security on ago none heart. Run change not spring thing., 928.00
72, energy, Up actually least all book learn student. Option create each security matter operation.\nHusband admit moment. Great business law pick field bad recent.\nPick just bit. Floor spend make tree., 560.00
73, material, Green light medical. Stop cold blood rather game option away.\nBag dog dog generation health entire quite hope. Per course method material perhaps. But cup stage if everything., 248.00
74, western, Future in type perhaps health. Clear fight difficult raise move girl.\nOut join public. Doctor surface pay to air. It agent push about letter., 475.00
75, person, Statement area follow middle include paper entire. Popular particular focus easy build., 483.00
76, weight, Action available stock left tree resource. Fine rich yet current according long whole. Than moment onto east fact worry left.\nStuff themselves song pay. Nor draw bag fill a., 468.00
77, painting, Range study this Republican consider opportunity home. Allow relate training despite its serve. Financial economic another view offer sure., 324.00
78, kitchen, Fine window always either soldier rest.\nPoor structure movie similar name and.\nFather director task gas feeling. Reality range garden simple friend. Court treat position possible piece group., 720.00
79, leader, Give maintain friend top western spring clear. Personal sure sound top international upon. Seat range imagine role fast.\nInterest attention on various option. Deal action lead. Or performance head., 825.00
80, consider, Increase who growth see baby hope. Defense watch key life kind. Question general think stop teacher join. Give there return front., 358.00
